                  epoch,         train/box_loss,         train/cls_loss,         train/dfl_loss,   metrics/precision(B),      metrics/recall(B),       metrics/mAP50(B),    metrics/mAP50-95(B),           val/box_loss,           val/cls_loss,           val/dfl_loss,                 lr/pg0,                 lr/pg1,                 lr/pg2
                      1,                 1.7974,                 1.8413,                 1.2546,                0.70829,                0.50763,                0.52923,                0.20592,                 1.9522,                  1.371,                 1.2778,              0.0033244,              0.0033244,              0.0033244
                      2,                 1.6705,                 1.2773,                 1.1831,                0.67906,                0.52487,                0.53465,                 0.2075,                 1.9247,                 1.2963,                 1.2484,              0.0066358,              0.0066358,              0.0066358
                      3,                 1.7053,                 1.2197,                 1.2005,                0.71554,                0.55338,                0.57384,                0.25379,                 1.7931,                 1.3029,                 1.2807,              0.0099251,              0.0099251,              0.0099251
                      4,                 1.6988,                 1.1647,                 1.2172,                0.70824,                0.59317,                0.60133,                0.24083,                 1.8805,                 1.2115,                 1.2819,               0.009901,               0.009901,               0.009901
                      5,                 1.6665,                 1.0914,                 1.1986,                0.70856,                0.55968,                0.59899,                0.29029,                 1.6349,                 1.2697,                 1.2274,               0.009868,               0.009868,               0.009868
                      6,                 1.6361,                 1.0532,                 1.1897,                0.75454,                0.58853,                0.62872,                0.28329,                 1.7325,                 1.0866,                  1.244,               0.009835,               0.009835,               0.009835
                      7,                 1.6081,                 1.0132,                 1.1773,                0.75193,                0.59184,                0.63257,                0.31684,                 1.5935,                 1.0229,                 1.2012,               0.009802,               0.009802,               0.009802
                      8,                 1.5942,                0.99266,                 1.1688,                0.74213,                0.60593,                0.64153,                 0.3107,                 1.6448,                0.98357,                 1.2135,               0.009769,               0.009769,               0.009769
                      9,                 1.5678,                0.96617,                 1.1604,                0.76039,                0.59029,                0.64636,                0.32326,                  1.583,                0.96585,                 1.1829,               0.009736,               0.009736,               0.009736
                     10,                 1.5525,                0.95494,                 1.1618,                0.76886,                0.61936,                0.66243,                0.32239,                 1.6595,                 1.0265,                 1.2305,               0.009703,               0.009703,               0.009703
                     11,                 1.5512,                 0.9463,                 1.1509,                0.78026,                0.60975,                0.66229,                0.29921,                 1.7106,                 1.0008,                 1.2229,                0.00967,                0.00967,                0.00967
                     12,                 1.5299,                0.92347,                 1.1417,                0.76605,                0.59847,                0.66014,                 0.3283,                 1.5831,                 0.9871,                 1.2078,               0.009637,               0.009637,               0.009637
                     13,                 1.5161,                0.90254,                 1.1385,                0.76974,                0.62069,                0.66218,                 0.3344,                 1.5651,                0.93039,                 1.1801,               0.009604,               0.009604,               0.009604
                     14,                 1.5063,                0.90001,                 1.1416,                0.77165,                  0.614,                0.66138,                0.31337,                 1.6477,                0.95721,                 1.2149,               0.009571,               0.009571,               0.009571
                     15,                 1.5055,                0.89069,                 1.1355,                0.76122,                0.63329,                0.66665,                0.31704,                 1.6298,                 0.9413,                 1.2088,               0.009538,               0.009538,               0.009538
                     16,                  1.484,                0.87625,                 1.1353,                0.76495,                0.62693,                0.67483,                0.33682,                 1.5514,                0.90964,                 1.1798,               0.009505,               0.009505,               0.009505
                     17,                 1.4785,                0.86726,                 1.1253,                0.75736,                0.63992,                 0.6811,                0.33286,                 1.6346,                0.92565,                 1.2037,               0.009472,               0.009472,               0.009472
                     18,                 1.4885,                0.86445,                 1.1272,                0.76896,                0.63859,                0.68623,                0.33231,                 1.6088,                0.94378,                 1.2021,               0.009439,               0.009439,               0.009439
                     19,                 1.4788,                0.86159,                  1.126,                0.78232,                0.62918,                0.68365,                0.34054,                 1.5674,                0.87673,                 1.1729,               0.009406,               0.009406,               0.009406
                     20,                 1.4545,                0.83965,                 1.1171,                0.76618,                0.64058,                0.69214,                0.34995,                 1.5396,                0.90304,                 1.1797,               0.009373,               0.009373,               0.009373
                     21,                 1.4574,                0.84629,                 1.1235,                0.78006,                0.64091,                0.68996,                0.34029,                 1.5887,                0.93018,                 1.1913,                0.00934,                0.00934,                0.00934
                     22,                 1.4551,                  0.837,                 1.1167,                0.78382,                0.63163,                0.68013,                0.34718,                 1.5431,                0.92053,                 1.1718,               0.009307,               0.009307,               0.009307
                     23,                 1.4305,                0.82256,                 1.1047,                0.75611,                 0.6555,                0.69129,                0.34815,                 1.5509,                0.89345,                 1.1849,               0.009274,               0.009274,               0.009274
                     24,                 1.4441,                0.82517,                 1.1085,                0.77472,                0.64788,                 0.6929,                0.35892,                 1.4992,                0.86559,                  1.169,               0.009241,               0.009241,               0.009241
                     25,                 1.4258,                0.81907,                 1.1049,                0.79126,                0.63826,                0.69487,                0.34698,                 1.5851,                0.86764,                  1.185,               0.009208,               0.009208,               0.009208
                     26,                 1.4241,                0.80881,                 1.1062,                0.77839,                 0.6439,                0.70095,                0.35109,                  1.575,                0.86398,                 1.1785,               0.009175,               0.009175,               0.009175
                     27,                 1.4184,                0.81316,                 1.1052,                 0.7764,                0.64092,                  0.693,                0.36166,                 1.4667,                0.86109,                 1.1536,               0.009142,               0.009142,               0.009142
                     28,                 1.4026,                 0.7965,                 1.0929,                0.76632,                0.65153,                0.70311,                0.36012,                 1.5358,                0.85937,                 1.1885,               0.009109,               0.009109,               0.009109
                     29,                 1.4113,                0.79715,                 1.0984,                0.77587,                0.65195,                0.69793,                0.35636,                 1.4985,                0.84711,                 1.1527,               0.009076,               0.009076,               0.009076
                     30,                 1.4014,                0.78875,                 1.0943,                0.78183,                0.63923,                 0.6916,                0.36267,                 1.5009,                0.86534,                 1.1642,               0.009043,               0.009043,               0.009043
                     31,                 1.4117,                0.80113,                 1.1004,                0.77383,                0.64775,                0.69428,                0.36338,                  1.478,                0.85646,                 1.1621,                0.00901,                0.00901,                0.00901
                     32,                 1.3898,                0.78421,                 1.0943,                0.78564,                0.65219,                0.71085,                0.37156,                 1.5129,                 0.8454,                 1.1644,               0.008977,               0.008977,               0.008977
                     33,                  1.397,                0.78405,                 1.0916,                 0.7572,                0.65948,                0.69616,                 0.3679,                 1.4946,                0.84068,                 1.1559,               0.008944,               0.008944,               0.008944
                     34,                 1.3806,                0.77603,                 1.0906,                0.78391,                0.64721,                0.70068,                  0.356,                 1.5377,                0.83876,                 1.1673,               0.008911,               0.008911,               0.008911
                     35,                 1.3827,                0.77359,                 1.0858,                0.77722,                0.65704,                0.70524,                0.36433,                 1.4939,                0.83912,                 1.1424,               0.008878,               0.008878,               0.008878
                     36,                 1.3793,                0.76905,                  1.082,                0.77529,                0.65204,                0.70146,                0.37109,                 1.4724,                0.83435,                 1.1537,               0.008845,               0.008845,               0.008845
                     37,                 1.3696,                0.76127,                 1.0766,                0.76669,                0.65086,                0.69804,                0.36152,                 1.4744,                0.83685,                 1.1368,               0.008812,               0.008812,               0.008812
                     38,                 1.3696,                0.76169,                 1.0795,                0.75632,                0.66346,                0.69735,                0.35985,                 1.4892,                0.83445,                 1.1629,               0.008779,               0.008779,               0.008779
                     39,                 1.3663,                0.76744,                 1.0857,                0.78057,                0.64869,                0.70704,                0.37497,                 1.4703,                0.82358,                 1.1552,               0.008746,               0.008746,               0.008746
                     40,                 1.3732,                0.76024,                 1.0794,                0.77448,                0.65086,                0.70455,                0.37126,                 1.4884,                0.81806,                 1.1685,               0.008713,               0.008713,               0.008713
                     41,                 1.3484,                0.74499,                 1.0731,                0.76607,                0.65285,                0.70148,                0.37304,                 1.4498,                0.80703,                 1.1434,                0.00868,                0.00868,                0.00868
                     42,                 1.3568,                0.74629,                 1.0742,                0.76513,                 0.6565,                0.70425,                0.36461,                 1.5002,                0.82104,                 1.1642,               0.008647,               0.008647,               0.008647
                     43,                 1.3593,                0.75191,                 1.0798,                 0.7782,                 0.6439,                 0.7023,                0.37605,                 1.4426,                0.81552,                 1.1372,               0.008614,               0.008614,               0.008614
                     44,                 1.3477,                0.74112,                 1.0708,                0.76725,                0.65119,                0.70096,                0.36914,                 1.4586,                0.83441,                 1.1393,               0.008581,               0.008581,               0.008581
                     45,                 1.3511,                0.73826,                 1.0666,                0.77564,                0.65086,                0.70447,                0.37117,                  1.459,                0.83532,                 1.1451,               0.008548,               0.008548,               0.008548
                     46,                 1.3504,                0.74371,                 1.0755,                0.78204,                0.64556,                 0.7072,                0.37382,                 1.4837,                0.83749,                 1.1674,               0.008515,               0.008515,               0.008515
                     47,                 1.3379,                0.73388,                 1.0656,                0.77357,                0.65021,                0.70287,                0.37169,                 1.5044,                0.82537,                 1.1655,               0.008482,               0.008482,               0.008482
                     48,                 1.3443,                0.72822,                 1.0646,                0.76403,                 0.6618,                0.70768,                0.37595,                  1.469,                0.80521,                 1.1471,               0.008449,               0.008449,               0.008449
                     49,                 1.3279,                 0.7248,                 1.0624,                0.77021,                0.65749,                0.70819,                0.37409,                 1.4986,                0.82496,                  1.157,               0.008416,               0.008416,               0.008416
                     50,                 1.3439,                0.72759,                  1.061,                0.76238,                 0.6628,                 0.7062,                0.37525,                 1.4468,                 0.8225,                 1.1399,               0.008383,               0.008383,               0.008383
                     51,                 1.3454,                0.73196,                 1.0657,                0.77085,                 0.6628,                0.71038,                0.37455,                 1.4695,                  0.825,                  1.155,                0.00835,                0.00835,                0.00835
                     52,                 1.3329,                0.71552,                 1.0571,                0.78305,                0.65342,                0.70382,                0.36819,                 1.4777,                0.83254,                 1.1488,               0.008317,               0.008317,               0.008317
                     53,                   1.32,                0.71897,                 1.0568,                0.76729,                0.66545,                0.70918,                 0.3795,                 1.4641,                0.81759,                 1.1504,               0.008284,               0.008284,               0.008284
                     54,                 1.3345,                0.71843,                 1.0618,                0.77463,                0.65484,                0.70215,                0.37099,                  1.473,                0.82377,                 1.1429,               0.008251,               0.008251,               0.008251
                     55,                 1.3292,                0.72786,                 1.0617,                 0.7681,                 0.6565,                0.70601,                 0.3727,                 1.4825,                 0.8278,                  1.151,               0.008218,               0.008218,               0.008218
                     56,                 1.3187,                0.71954,                 1.0556,                0.79114,                0.64679,                0.70682,                0.37138,                 1.4778,                0.80488,                  1.146,               0.008185,               0.008185,               0.008185
                     57,                 1.3118,                0.70951,                 1.0511,                0.78959,                0.64954,                0.70593,                0.37194,                 1.4729,                0.81197,                 1.1573,               0.008152,               0.008152,               0.008152
                     58,                  1.308,                0.70337,                 1.0546,                0.76986,                0.65517,                 0.7046,                0.37683,                 1.4446,                0.81021,                 1.1479,               0.008119,               0.008119,               0.008119
                     59,                 1.3042,                0.69944,                 1.0468,                0.76419,                0.66446,                0.70815,                0.37336,                 1.4694,                0.80524,                 1.1577,               0.008086,               0.008086,               0.008086
                     60,                 1.3091,                0.70717,                  1.052,                0.78588,                0.65105,                0.70734,                0.37112,                 1.4668,                0.79778,                 1.1481,               0.008053,               0.008053,               0.008053
                     61,                 1.3146,                0.70275,                 1.0488,                0.77767,                0.65064,                0.71145,                0.37486,                 1.4646,                0.80006,                 1.1457,                0.00802,                0.00802,                0.00802
                     62,                 1.3052,                0.70088,                 1.0504,                0.78003,                0.64887,                0.70771,                0.37489,                 1.4622,                0.80068,                 1.1455,               0.007987,               0.007987,               0.007987
                     63,                 1.3007,                0.69744,                 1.0453,                0.77485,                0.65782,                0.70806,                0.37514,                 1.4571,                0.80089,                 1.1502,               0.007954,               0.007954,               0.007954
                     64,                 1.3015,                0.69354,                  1.046,                0.77918,                0.65948,                0.71111,                0.37608,                 1.4689,                0.82179,                 1.1548,               0.007921,               0.007921,               0.007921
                     65,                 1.3017,                0.69332,                 1.0471,                0.77012,                0.66089,                0.70776,                0.37565,                 1.4609,                0.80355,                 1.1421,               0.007888,               0.007888,               0.007888
                     66,                 1.2939,                0.68968,                 1.0434,                0.77701,                 0.6597,                0.70911,                0.37764,                 1.4647,                0.80579,                 1.1454,               0.007855,               0.007855,               0.007855
                     67,                 1.2868,                0.68353,                 1.0386,                0.77697,                0.65186,                0.70791,                0.37437,                 1.4639,                0.79202,                 1.1461,               0.007822,               0.007822,               0.007822
                     68,                 1.2815,                0.68311,                  1.043,                0.76169,                0.66611,                0.70994,                0.37609,                 1.4643,                 0.8055,                  1.151,               0.007789,               0.007789,               0.007789
                     69,                 1.2942,                0.67804,                 1.0369,                0.76864,                0.65351,                0.70712,                0.37413,                 1.4668,                0.78852,                 1.1475,               0.007756,               0.007756,               0.007756
                     70,                 1.2821,                0.68548,                 1.0407,                0.77438,                0.65981,                0.71535,                0.37762,                 1.4653,                0.79166,                 1.1426,               0.007723,               0.007723,               0.007723
                     71,                 1.2823,                0.68679,                 1.0417,                0.79179,                 0.6492,                0.70951,                0.37577,                 1.4641,                0.79295,                 1.1492,                0.00769,                0.00769,                0.00769
                     72,                  1.277,                0.68276,                 1.0345,                0.78113,                0.65716,                0.71086,                0.37661,                 1.4554,                0.80212,                  1.149,               0.007657,               0.007657,               0.007657
                     73,                 1.2818,                0.67943,                 1.0369,                0.76558,                0.66545,                0.70966,                0.38116,                 1.4341,                0.78755,                 1.1327,               0.007624,               0.007624,               0.007624
                     74,                 1.2797,                0.67881,                 1.0356,                0.78691,                0.65318,                0.70764,                0.37871,                 1.4466,                0.78771,                 1.1401,               0.007591,               0.007591,               0.007591
                     75,                 1.2758,                0.67516,                 1.0338,                0.78053,                0.66035,                0.71032,                0.38404,                 1.4362,                0.78185,                 1.1325,               0.007558,               0.007558,               0.007558
                     76,                  1.267,                0.66944,                 1.0326,                0.76985,                0.66435,                0.71161,                0.38061,                 1.4475,                0.79529,                 1.1394,               0.007525,               0.007525,               0.007525
                     77,                 1.2694,                0.67128,                 1.0328,                0.76585,                0.66446,                0.70809,                0.38187,                 1.4371,                0.77681,                 1.1385,               0.007492,               0.007492,               0.007492
                     78,                 1.2776,                0.67339,                 1.0341,                 0.7586,                0.66777,                0.70825,                0.37798,                 1.4539,                0.78421,                 1.1425,               0.007459,               0.007459,               0.007459
                     79,                 1.2649,                0.66997,                 1.0302,                0.77286,                0.65849,                 0.7081,                0.37961,                 1.4423,                 0.7793,                 1.1396,               0.007426,               0.007426,               0.007426
                     80,                 1.2564,                0.66203,                 1.0286,                0.79164,                0.65418,                0.71362,                0.38375,                 1.4478,                0.77784,                 1.1445,               0.007393,               0.007393,               0.007393
                     81,                 1.2583,                0.66471,                 1.0305,                0.76975,                0.66729,                0.71545,                0.38236,                 1.4379,                0.77939,                 1.1341,                0.00736,                0.00736,                0.00736
                     82,                 1.2673,                0.66401,                 1.0267,                0.77805,                 0.6602,                 0.7096,                0.37856,                 1.4386,                0.78697,                 1.1374,               0.007327,               0.007327,               0.007327
                     83,                 1.2604,                0.66893,                 1.0316,                0.77255,                0.66976,                0.71286,                0.38068,                 1.4324,                0.77631,                  1.136,               0.007294,               0.007294,               0.007294
                     84,                 1.2606,                0.66049,                 1.0267,                0.77474,                0.67042,                0.71531,                0.38179,                 1.4365,                0.77669,                 1.1338,               0.007261,               0.007261,               0.007261
                     85,                 1.2593,                0.66404,                 1.0287,                0.78919,                 0.6565,                0.71442,                0.38256,                 1.4398,                0.79282,                 1.1381,               0.007228,               0.007228,               0.007228
                     86,                 1.2421,                0.65367,                  1.024,                0.78566,                0.65186,                0.71342,                0.38406,                  1.441,                0.78261,                 1.1468,               0.007195,               0.007195,               0.007195
                     87,                 1.2486,                0.65496,                 1.0262,                0.76481,                0.67109,                0.71564,                 0.3797,                 1.4544,                0.78584,                 1.1405,               0.007162,               0.007162,               0.007162
                     88,                 1.2465,                0.65463,                 1.0251,                0.78181,                0.66293,                0.71741,                0.38303,                 1.4353,                0.77801,                 1.1321,               0.007129,               0.007129,               0.007129
                     89,                 1.2431,                0.65166,                 1.0233,                0.76795,                0.66877,                0.71497,                0.38296,                 1.4483,                0.77975,                 1.1444,               0.007096,               0.007096,               0.007096
                     90,                 1.2379,                 0.6524,                 1.0202,                0.76973,                0.67009,                0.71195,                0.38247,                 1.4375,                0.77367,                 1.1421,               0.007063,               0.007063,               0.007063
                     91,                 1.2362,                0.64651,                 1.0191,                0.77794,                0.66673,                0.71447,                0.38516,                 1.4474,                0.77547,                 1.1498,                0.00703,                0.00703,                0.00703
                     92,                 1.2388,                0.64897,                  1.019,                0.77594,                0.66678,                0.71432,                0.38233,                 1.4462,                0.78977,                 1.1473,               0.006997,               0.006997,               0.006997
                     93,                 1.2341,                0.64904,                  1.024,                0.77107,                0.67228,                  0.719,                0.38678,                  1.436,                0.79603,                 1.1421,               0.006964,               0.006964,               0.006964
                     94,                 1.2286,                   0.64,                 1.0211,                0.77222,                0.67331,                0.71629,                0.38511,                 1.4337,                0.78527,                 1.1421,               0.006931,               0.006931,               0.006931
                     95,                 1.2331,                0.64484,                 1.0194,                0.77971,                 0.6691,                0.71715,                0.38442,                 1.4415,                0.78215,                 1.1419,               0.006898,               0.006898,               0.006898
                     96,                 1.2273,                 0.6443,                  1.015,                0.78369,                 0.6555,                0.71606,                0.38455,                  1.437,                0.78999,                 1.1463,               0.006865,               0.006865,               0.006865
                     97,                 1.2336,                0.64458,                  1.018,                0.77446,                0.66263,                0.71435,                 0.3868,                 1.4317,                  0.788,                 1.1418,               0.006832,               0.006832,               0.006832
                     98,                 1.2334,                0.64399,                 1.0163,                0.77487,                0.66645,                0.71681,                0.38562,                 1.4299,                0.77626,                 1.1366,               0.006799,               0.006799,               0.006799
                     99,                 1.2232,                0.63749,                  1.015,                0.77233,                0.67341,                0.71961,                0.38713,                 1.4284,                0.77145,                  1.133,               0.006766,               0.006766,               0.006766
                    100,                 1.2227,                0.64325,                  1.017,                0.75859,                0.67275,                  0.714,                0.38452,                 1.4215,                0.78078,                 1.1333,               0.006733,               0.006733,               0.006733
                    101,                 1.2195,                0.63826,                 1.0135,                0.76313,                0.67639,                0.71631,                0.38489,                 1.4243,                0.78093,                 1.1363,                 0.0067,                 0.0067,                 0.0067
                    102,                 1.2164,                0.63517,                 1.0126,                0.76303,                0.66877,                0.71132,                0.38499,                 1.4243,                0.77681,                 1.1358,               0.006667,               0.006667,               0.006667
                    103,                 1.2227,                0.63772,                 1.0135,                0.77627,                0.66147,                0.71653,                0.38716,                  1.414,                0.77754,                 1.1324,               0.006634,               0.006634,               0.006634
                    104,                 1.2108,                 0.6314,                 1.0118,                0.77629,                0.66247,                0.71611,                0.38831,                 1.4203,                0.78539,                 1.1379,               0.006601,               0.006601,               0.006601
                    105,                 1.2139,                0.63748,                 1.0133,                0.77949,                 0.6681,                0.71707,                0.38713,                 1.4322,                0.78447,                 1.1431,               0.006568,               0.006568,               0.006568
                    106,                 1.2032,                0.62542,                 1.0078,                0.78381,                0.66356,                0.71764,                0.38795,                 1.4284,                0.77727,                 1.1435,               0.006535,               0.006535,               0.006535
                    107,                 1.2158,                0.63439,                 1.0115,                 0.7877,                0.65938,                0.71809,                0.38742,                 1.4238,                0.76788,                 1.1361,               0.006502,               0.006502,               0.006502
                    108,                 1.2064,                0.62908,                 1.0084,                0.77815,                0.65825,                0.71689,                0.38718,                 1.4164,                0.76355,                 1.1324,               0.006469,               0.006469,               0.006469
                    109,                 1.1986,                0.62313,                 1.0045,                0.77081,                0.66574,                0.71545,                 0.3873,                 1.4261,                0.76479,                 1.1298,               0.006436,               0.006436,               0.006436
                    110,                 1.1999,                0.62468,                 1.0072,                0.77538,                0.66081,                0.71519,                0.38659,                 1.4256,                0.76491,                 1.1302,               0.006403,               0.006403,               0.006403
                    111,                 1.1949,                0.61903,                 1.0076,                0.76328,                0.67308,                0.71675,                0.38548,                  1.427,                0.76654,                 1.1327,                0.00637,                0.00637,                0.00637
                    112,                 1.1969,                0.62404,                  1.006,                0.76134,                0.68012,                0.71869,                0.38823,                 1.4258,                0.76794,                 1.1324,               0.006337,               0.006337,               0.006337
                    113,                 1.2021,                0.61782,                 1.0055,                0.75975,                0.68004,                0.71802,                0.38685,                 1.4307,                0.77089,                 1.1339,               0.006304,               0.006304,               0.006304
                    114,                 1.2047,                0.62205,                 1.0051,                0.77763,                0.66379,                0.71856,                0.38733,                 1.4333,                 0.7712,                 1.1362,               0.006271,               0.006271,               0.006271
                    115,                 1.1911,                0.61819,                 1.0041,                0.75064,                0.67971,                0.71527,                0.38489,                 1.4303,                0.76614,                  1.135,               0.006238,               0.006238,               0.006238
                    116,                 1.1934,                0.62105,                 1.0046,                0.74691,                  0.682,                 0.7145,                0.38511,                 1.4318,                0.77204,                 1.1379,               0.006205,               0.006205,               0.006205
                    117,                 1.1916,                0.61505,                 1.0018,                0.75205,                0.67938,                0.71479,                 0.3851,                 1.4303,                0.77935,                 1.1409,               0.006172,               0.006172,               0.006172
                    118,                 1.1904,                0.61406,                0.99944,                0.75552,                 0.6754,                0.71407,                0.38547,                 1.4341,                0.77947,                  1.147,               0.006139,               0.006139,               0.006139
                    119,                 1.1881,                0.61424,                0.99512,                0.75955,                0.67473,                0.71532,                0.38535,                 1.4333,                0.77387,                 1.1417,               0.006106,               0.006106,               0.006106
                    120,                 1.1818,                0.61321,                0.99914,                0.76306,                0.66845,                0.71478,                0.38675,                 1.4354,                0.77874,                 1.1434,               0.006073,               0.006073,               0.006073
                    121,                 1.1917,                0.61491,                0.99813,                0.77481,                 0.6628,                0.71507,                0.38654,                 1.4351,                0.78069,                 1.1431,                0.00604,                0.00604,                0.00604
                    122,                 1.1786,                0.61308,                0.99959,                0.75731,                0.67606,                0.71559,                0.38659,                 1.4342,                0.77811,                 1.1393,               0.006007,               0.006007,               0.006007
                    123,                 1.1917,                0.61113,                0.99743,                0.77574,                0.66751,                0.71657,                0.38757,                 1.4337,                0.77592,                 1.1386,               0.005974,               0.005974,               0.005974
                    124,                  1.179,                0.60629,                0.99809,                0.76713,                0.67374,                 0.7169,                0.38668,                 1.4337,                 0.7745,                 1.1384,               0.005941,               0.005941,               0.005941
                    125,                 1.1803,                0.61061,                0.99649,                0.76087,                 0.6754,                0.71783,                0.38718,                 1.4331,                0.77556,                 1.1379,               0.005908,               0.005908,               0.005908
                    126,                  1.182,                0.60677,                0.99252,                0.76358,                0.67145,                0.72008,                0.38761,                 1.4319,                0.77443,                 1.1375,               0.005875,               0.005875,               0.005875
                    127,                 1.1763,                 0.6024,                0.99339,                0.76347,                 0.6754,                0.72044,                0.38918,                 1.4284,                 0.7705,                 1.1362,               0.005842,               0.005842,               0.005842
                    128,                 1.1771,                 0.6075,                0.99555,                0.76579,                 0.6744,                0.72028,                0.38715,                 1.4326,                0.77533,                 1.1405,               0.005809,               0.005809,               0.005809
                    129,                 1.1748,                0.60392,                0.99608,                 0.7653,                 0.6757,                0.71994,                0.38772,                 1.4346,                0.78044,                  1.144,               0.005776,               0.005776,               0.005776
                    130,                 1.1695,                0.60138,                0.99489,                0.76391,                0.67698,                0.71993,                0.38731,                  1.437,                0.77879,                 1.1459,               0.005743,               0.005743,               0.005743
                    131,                 1.1635,                0.59569,                0.98753,                0.75952,                0.67706,                0.72009,                0.38756,                  1.435,                0.77835,                 1.1447,                0.00571,                0.00571,                0.00571
                    132,                 1.1735,                0.59945,                0.99233,                0.76132,                0.67686,                0.71931,                0.38767,                 1.4372,                0.77934,                 1.1453,               0.005677,               0.005677,               0.005677
                    133,                 1.1665,                0.59892,                0.99264,                0.75903,                0.67885,                0.71934,                0.38696,                 1.4383,                0.77975,                  1.146,               0.005644,               0.005644,               0.005644
                    134,                 1.1644,                0.59686,                0.98838,                0.76178,                0.67971,                0.72028,                0.38679,                 1.4362,                0.77966,                  1.145,               0.005611,               0.005611,               0.005611
                    135,                 1.1714,                0.60211,                0.99331,                0.77197,                0.67572,                0.72121,                0.38718,                  1.437,                0.77958,                  1.145,               0.005578,               0.005578,               0.005578
                    136,                 1.1613,                0.60084,                0.99158,                0.76604,                0.68069,                0.72187,                0.38715,                  1.437,                0.78193,                 1.1448,               0.005545,               0.005545,               0.005545
                    137,                 1.1633,                0.59417,                 0.9883,                0.77078,                0.67407,                0.72033,                0.38715,                 1.4356,                0.78166,                 1.1416,               0.005512,               0.005512,               0.005512
                    138,                 1.1568,                 0.5892,                0.98949,                0.77313,                0.67208,                0.72273,                0.38757,                 1.4354,                0.78146,                 1.1408,               0.005479,               0.005479,               0.005479
                    139,                 1.1548,                0.59229,                0.98661,                0.77455,                0.67341,                0.72407,                0.38858,                 1.4329,                0.78069,                 1.1403,               0.005446,               0.005446,               0.005446
                    140,                 1.1566,                0.59264,                0.98814,                0.78455,                0.66412,                0.72427,                0.38873,                 1.4336,                0.78358,                 1.1412,               0.005413,               0.005413,               0.005413
                    141,                 1.1523,                0.58995,                 0.9896,                0.78604,                0.66081,                 0.7224,                0.38944,                 1.4325,                0.77956,                 1.1417,                0.00538,                0.00538,                0.00538
                    142,                 1.1487,                0.58905,                0.98672,                0.78727,                0.65849,                 0.7217,                0.38871,                 1.4329,                0.77756,                 1.1415,               0.005347,               0.005347,               0.005347
                    143,                 1.1515,                0.58815,                0.98192,                0.76845,                0.67142,                0.72275,                0.38852,                 1.4331,                0.77743,                  1.141,               0.005314,               0.005314,               0.005314
                    144,                 1.1512,                0.59012,                0.98881,                0.79196,                0.65381,                0.72178,                0.38849,                 1.4327,                0.77613,                 1.1412,               0.005281,               0.005281,               0.005281
                    145,                 1.1491,                0.58952,                0.98448,                0.80245,                0.65053,                0.72319,                  0.388,                 1.4352,                0.77603,                 1.1421,               0.005248,               0.005248,               0.005248
                    146,                  1.151,                0.58683,                0.98769,                 0.8043,                 0.6492,                0.72221,                0.38817,                 1.4361,                0.77466,                 1.1426,               0.005215,               0.005215,               0.005215
                    147,                 1.1411,                0.58066,                0.98336,                0.80126,                0.64968,                0.72173,                0.38841,                 1.4341,                0.77445,                 1.1407,               0.005182,               0.005182,               0.005182
                    148,                 1.1438,                0.58251,                0.98504,                0.79948,                0.65119,                0.72148,                0.38785,                 1.4353,                  0.775,                 1.1404,               0.005149,               0.005149,               0.005149
                    149,                 1.1402,                0.58109,                0.98409,                0.78755,                0.65759,                0.72101,                0.38824,                 1.4368,                0.77696,                 1.1413,               0.005116,               0.005116,               0.005116
                    150,                 1.1387,                0.58606,                0.98377,                0.80144,                0.64987,                0.72112,                0.38708,                 1.4376,                0.77862,                 1.1404,               0.005083,               0.005083,               0.005083
                    151,                 1.1349,                0.57928,                0.97992,                0.80241,                0.64854,                0.72125,                0.38686,                 1.4385,                0.78038,                 1.1408,                0.00505,                0.00505,                0.00505
                    152,                 1.1424,                 0.5822,                0.98065,                0.79794,                0.65252,                0.72401,                0.38744,                  1.441,                0.78161,                  1.142,               0.005017,               0.005017,               0.005017
                    153,                 1.1333,                0.58174,                0.98074,                0.79436,                0.65252,                 0.7213,                0.38751,                 1.4391,                0.78231,                  1.141,               0.004984,               0.004984,               0.004984
                    154,                 1.1357,                0.57871,                0.98155,                0.79799,                0.65096,                0.72295,                0.38768,                 1.4385,                0.78232,                 1.1407,               0.004951,               0.004951,               0.004951
                    155,                 1.1352,                0.57751,                0.97871,                0.79651,                0.65153,                0.72119,                0.38734,                 1.4404,                0.78256,                  1.142,               0.004918,               0.004918,               0.004918
                    156,                 1.1329,                0.57428,                0.97552,                 0.7965,                0.65252,                0.72121,                0.38674,                 1.4408,                0.78259,                 1.1425,               0.004885,               0.004885,               0.004885
                    157,                 1.1247,                0.57111,                0.97366,                0.80416,                0.64944,                0.72041,                0.38686,                 1.4396,                0.78195,                 1.1418,               0.004852,               0.004852,               0.004852
                    158,                 1.1249,                0.57834,                 0.9798,                0.80056,                0.65086,                0.71981,                0.38725,                 1.4389,                0.77986,                 1.1412,               0.004819,               0.004819,               0.004819
                    159,                 1.1322,                0.57307,                0.97538,                0.79898,                0.64987,                0.71917,                0.38704,                 1.4391,                0.78191,                  1.142,               0.004786,               0.004786,               0.004786
                    160,                 1.1263,                0.57375,                0.97621,                0.80021,                0.64672,                0.71902,                0.38663,                 1.4389,                0.78256,                 1.1425,               0.004753,               0.004753,               0.004753
                    161,                 1.1269,                0.57404,                0.97687,                0.79832,                0.64705,                0.71946,                0.38565,                  1.439,                0.78357,                 1.1421,                0.00472,                0.00472,                0.00472
                    162,                 1.1206,                0.57029,                0.97606,                0.79211,                0.65351,                 0.7189,                0.38537,                 1.4393,                0.78374,                 1.1419,               0.004687,               0.004687,               0.004687
                    163,                 1.1186,                0.56771,                0.97523,                 0.7922,                0.65385,                0.71837,                0.38584,                 1.4392,                0.78361,                  1.141,               0.004654,               0.004654,               0.004654
                    164,                 1.1308,                0.57454,                0.97367,                0.79216,                0.65119,                0.71803,                 0.3864,                 1.4391,                 0.7831,                 1.1412,               0.004621,               0.004621,               0.004621
                    165,                 1.1184,                0.56704,                0.97231,                0.78609,                0.65385,                0.71843,                0.38687,                 1.4396,                0.78435,                 1.1427,               0.004588,               0.004588,               0.004588
                    166,                 1.1127,                0.56206,                0.97031,                0.79344,                0.64987,                0.71718,                0.38667,                 1.4391,                0.78327,                 1.1425,               0.004555,               0.004555,               0.004555
                    167,                 1.1199,                0.56646,                0.97135,                0.78707,                0.65186,                0.71752,                0.38654,                 1.4387,                0.78442,                 1.1426,               0.004522,               0.004522,               0.004522
                    168,                 1.1132,                0.56432,                0.97032,                0.78978,                0.65274,                0.71888,                0.38666,                 1.4384,                0.78364,                 1.1423,               0.004489,               0.004489,               0.004489
                    169,                 1.1167,                0.56621,                0.97242,                 0.7883,                0.65311,                0.71912,                0.38693,                 1.4389,                0.78401,                 1.1426,               0.004456,               0.004456,               0.004456
                    170,                 1.1162,                0.56335,                0.97142,                0.78889,                0.65351,                0.71827,                0.38631,                 1.4398,                0.78468,                 1.1433,               0.004423,               0.004423,               0.004423
                    171,                 1.1112,                0.56628,                0.97205,                0.78826,                0.65421,                0.71922,                0.38657,                 1.4403,                0.78479,                  1.144,                0.00439,                0.00439,                0.00439
                    172,                 1.1138,                0.56413,                0.97215,                0.79287,                0.65186,                0.71866,                0.38641,                 1.4406,                0.78577,                 1.1448,               0.004357,               0.004357,               0.004357
                    173,                 1.1097,                0.56146,                0.96785,                0.78729,                0.65451,                 0.7192,                0.38599,                 1.4412,                0.78515,                 1.1458,               0.004324,               0.004324,               0.004324
                    174,                 1.1071,                0.56398,                0.96715,                0.78745,                 0.6555,                0.71943,                0.38601,                 1.4416,                0.78446,                 1.1468,               0.004291,               0.004291,               0.004291
                    175,                 1.1078,                0.56191,                0.96984,                0.78658,                0.65617,                0.71851,                0.38611,                 1.4418,                0.78626,                 1.1474,               0.004258,               0.004258,               0.004258
                    176,                 1.0951,                0.55435,                0.96605,                0.79368,                0.65252,                0.71956,                0.38636,                 1.4427,                 0.7866,                 1.1481,               0.004225,               0.004225,               0.004225
                    177,                 1.1034,                0.55479,                0.96663,                0.78685,                0.65716,                0.71898,                0.38611,                 1.4433,                0.78705,                 1.1485,               0.004192,               0.004192,               0.004192
                    178,                 1.1004,                0.55599,                0.96675,                0.78661,                0.65633,                0.71932,                0.38699,                 1.4417,                0.78629,                 1.1473,               0.004159,               0.004159,               0.004159
                    179,                 1.1047,                0.55985,                0.97049,                0.78942,                0.65517,                0.71855,                0.38676,                 1.4422,                0.78639,                  1.147,               0.004126,               0.004126,               0.004126
                    180,                 1.0979,                0.55322,                0.96602,                0.79054,                0.65418,                0.71843,                0.38669,                 1.4413,                0.78613,                 1.1473,               0.004093,               0.004093,               0.004093
                    181,                 1.1046,                0.55863,                0.96696,                0.78968,                0.65418,                0.71797,                0.38656,                 1.4417,                 0.7854,                 1.1476,                0.00406,                0.00406,                0.00406
                    182,                 1.0934,                0.55169,                0.96536,                0.79056,                0.65351,                0.71748,                0.38666,                 1.4421,                0.78536,                 1.1478,               0.004027,               0.004027,               0.004027
                    183,                 1.0896,                0.55148,                 0.9658,                0.79022,                0.65351,                 0.7178,                0.38718,                  1.442,                 0.7848,                 1.1476,               0.003994,               0.003994,               0.003994
                    184,                 1.0892,                0.55368,                0.96302,                0.79022,                0.65351,                0.71758,                0.38678,                  1.442,                0.78523,                 1.1479,               0.003961,               0.003961,               0.003961
                    185,                 1.0957,                0.55385,                0.96599,                0.78581,                0.65484,                0.71685,                0.38636,                 1.4417,                0.78515,                 1.1481,               0.003928,               0.003928,               0.003928
                    186,                 1.0855,                0.54743,                0.95903,                 0.7861,                0.65679,                0.71888,                0.38663,                 1.4416,                0.78476,                  1.148,               0.003895,               0.003895,               0.003895
                    187,                 1.0877,                0.54464,                0.96179,                 0.7733,                0.66147,                0.71767,                0.38609,                 1.4408,                0.78501,                  1.147,               0.003862,               0.003862,               0.003862
                    188,                 1.0844,                0.54905,                0.96168,                0.77306,                0.66214,                 0.7181,                0.38596,                 1.4403,                0.78589,                 1.1472,               0.003829,               0.003829,               0.003829
                    189,                 1.0883,                0.54799,                0.95945,                 0.7742,                0.66147,                 0.7183,                0.38583,                 1.4388,                0.78481,                 1.1458,               0.003796,               0.003796,               0.003796
                    190,                 1.0832,                0.54843,                0.96005,                0.77389,                 0.6618,                0.71853,                0.38523,                 1.4386,                 0.7851,                 1.1455,               0.003763,               0.003763,               0.003763
                    191,                 1.0845,                0.55263,                0.96363,                0.77609,                0.66196,                0.71904,                0.38562,                  1.439,                0.78535,                 1.1461,                0.00373,                0.00373,                0.00373
                    192,                 1.0848,                0.55043,                0.95967,                0.77616,                0.66147,                0.71839,                0.38572,                  1.439,                0.78497,                 1.1461,               0.003697,               0.003697,               0.003697
                    193,                 1.0742,                0.54418,                0.96165,                0.78669,                0.65421,                0.71844,                0.38546,                 1.4383,                0.78452,                 1.1454,               0.003664,               0.003664,               0.003664
                    194,                 1.0798,                0.54519,                0.96084,                0.77565,                0.66214,                 0.7194,                0.38575,                 1.4385,                0.78498,                 1.1455,               0.003631,               0.003631,               0.003631
                    195,                 1.0761,                0.54025,                0.96074,                0.77528,                0.66214,                0.71991,                0.38573,                 1.4384,                 0.7851,                 1.1459,               0.003598,               0.003598,               0.003598
                    196,                 1.0824,                0.54485,                0.96123,                0.77354,                 0.6648,                0.71965,                0.38623,                 1.4383,                0.78492,                 1.1458,               0.003565,               0.003565,               0.003565
                    197,                 1.0798,                 0.5449,                 0.9614,                0.77733,                0.66441,                0.72027,                 0.3861,                 1.4387,                0.78521,                 1.1465,               0.003532,               0.003532,               0.003532
                    198,                  1.063,                0.53876,                0.95559,                0.77518,                0.66421,                0.71943,                0.38586,                 1.4377,                0.78405,                 1.1463,               0.003499,               0.003499,               0.003499
                    199,                 1.0719,                0.54353,                0.95954,                0.77585,                0.66479,                0.72023,                0.38639,                 1.4386,                0.78351,                 1.1468,               0.003466,               0.003466,               0.003466
                    200,                 1.0685,                0.53809,                0.95579,                 0.7748,                0.66412,                0.71947,                0.38603,                 1.4385,                0.78426,                  1.147,               0.003433,               0.003433,               0.003433
                    201,                 1.0645,                0.53876,                0.95548,                0.77815,                0.66247,                0.71966,                0.38585,                 1.4383,                0.78439,                 1.1469,                 0.0034,                 0.0034,                 0.0034
                    202,                 1.0694,                0.54074,                0.95784,                 0.7763,                0.66275,                0.71967,                0.38555,                 1.4388,                0.78537,                 1.1472,               0.003367,               0.003367,               0.003367
                    203,                 1.0621,                 0.5312,                0.95303,                0.77568,                0.66412,                0.72026,                0.38586,                 1.4391,                0.78594,                 1.1475,               0.003334,               0.003334,               0.003334
                    204,                 1.0637,                0.53658,                0.95651,                0.77535,                0.66446,                0.72015,                0.38603,                 1.4383,                0.78582,                  1.147,               0.003301,               0.003301,               0.003301
                    205,                 1.0748,                0.54025,                0.95936,                0.77456,                0.66412,                0.71991,                0.38557,                 1.4382,                0.78543,                  1.147,               0.003268,               0.003268,               0.003268
                    206,                 1.0608,                0.53415,                 0.9539,                0.77544,                0.66479,                0.72029,                0.38569,                 1.4377,                0.78543,                 1.1468,               0.003235,               0.003235,               0.003235
                    207,                 1.0518,                0.52892,                 0.9519,                0.77323,                0.66479,                 0.7197,                0.38572,                 1.4374,                0.78513,                 1.1465,               0.003202,               0.003202,               0.003202
                    208,                 1.0621,                0.53489,                0.95422,                0.77308,                0.66578,                0.71982,                0.38632,                 1.4376,                0.78581,                 1.1465,               0.003169,               0.003169,               0.003169
                    209,                 1.0603,                0.53544,                0.95163,                0.77329,                0.66498,                0.71956,                0.38629,                  1.437,                0.78582,                 1.1462,               0.003136,               0.003136,               0.003136
                    210,                 1.0439,                0.53003,                0.95353,                0.77469,                0.66578,                0.72049,                0.38602,                 1.4366,                 0.7865,                 1.1457,               0.003103,               0.003103,               0.003103
                    211,                 1.0557,                0.53054,                0.94785,                0.77409,                0.66578,                0.72003,                 0.3863,                 1.4363,                0.78631,                 1.1454,                0.00307,                0.00307,                0.00307
                    212,                 1.0539,                0.52822,                0.95168,                0.77337,                0.66531,                0.71961,                0.38612,                 1.4366,                0.78596,                 1.1455,               0.003037,               0.003037,               0.003037
                    213,                 1.0523,                0.52658,                0.94819,                0.77293,                0.66479,                0.72021,                0.38606,                 1.4366,                0.78712,                 1.1457,               0.003004,               0.003004,               0.003004
                    214,                 1.0423,                0.52572,                0.95044,                0.77482,                0.66512,                   0.72,                0.38636,                 1.4379,                 0.7877,                 1.1464,               0.002971,               0.002971,               0.002971
                    215,                 1.0443,                0.52466,                0.94976,                0.77431,                0.66545,                0.72067,                0.38616,                 1.4366,                0.78615,                 1.1455,               0.002938,               0.002938,               0.002938
                    216,                 1.0545,                 0.5284,                0.94716,                0.77303,                0.66512,                0.72135,                0.38639,                 1.4371,                0.78644,                  1.146,               0.002905,               0.002905,               0.002905
                    217,                 1.0442,                0.52475,                 0.9464,                0.77489,                0.66611,                0.72307,                0.38677,                 1.4367,                0.78652,                 1.1456,               0.002872,               0.002872,               0.002872
                    218,                 1.0428,                0.52289,                0.94447,                0.77479,                0.66616,                0.72286,                 0.3864,                 1.4363,                0.78683,                 1.1455,               0.002839,               0.002839,               0.002839
                    219,                 1.0393,                 0.5221,                0.94298,                0.77491,                0.66578,                0.72293,                0.38653,                 1.4361,                0.78657,                 1.1451,               0.002806,               0.002806,               0.002806
                    220,                 1.0391,                  0.522,                0.94414,                0.77523,                0.66554,                0.72298,                 0.3859,                  1.436,                0.78675,                 1.1451,               0.002773,               0.002773,               0.002773
                    221,                 1.0289,                0.51589,                0.94185,                0.77475,                0.66599,                0.72191,                 0.3862,                 1.4355,                0.78675,                 1.1446,                0.00274,                0.00274,                0.00274
                    222,                 1.0394,                0.52006,                  0.947,                0.77442,                0.66545,                0.72161,                0.38635,                 1.4347,                0.78585,                 1.1447,               0.002707,               0.002707,               0.002707
                    223,                 1.0395,                  0.521,                0.94274,                0.77479,                0.66479,                0.72178,                0.38667,                 1.4346,                0.78657,                 1.1446,               0.002674,               0.002674,               0.002674
                    224,                  1.032,                0.52129,                0.94515,                 0.7757,                0.66578,                0.72218,                0.38685,                  1.435,                0.78618,                 1.1445,               0.002641,               0.002641,               0.002641
                    225,                 1.0304,                 0.5197,                0.94264,                0.77545,                0.66545,                0.72182,                0.38664,                 1.4354,                0.78637,                 1.1448,               0.002608,               0.002608,               0.002608
                    226,                 1.0352,                0.51874,                0.94382,                 0.7757,                0.66346,                0.72111,                0.38697,                 1.4352,                0.78667,                 1.1448,               0.002575,               0.002575,               0.002575
                    227,                 1.0219,                 0.5115,                0.93996,                0.77481,                0.66379,                0.72152,                0.38704,                 1.4352,                0.78672,                 1.1449,               0.002542,               0.002542,               0.002542
                    228,                 1.0332,                0.52007,                0.94154,                0.77561,                0.66313,                0.72045,                0.38707,                 1.4348,                0.78604,                 1.1446,               0.002509,               0.002509,               0.002509
                    229,                 1.0271,                0.51341,                0.93839,                0.77613,                0.66441,                0.72178,                0.38721,                 1.4339,                0.78579,                 1.1444,               0.002476,               0.002476,               0.002476
                    230,                 1.0245,                0.51568,                0.94114,                0.77707,                0.66412,                0.72202,                0.38702,                 1.4345,                0.78558,                 1.1445,               0.002443,               0.002443,               0.002443
                    231,                 1.0248,                0.51418,                 0.9421,                0.77574,                0.66408,                0.72148,                0.38683,                  1.434,                 0.7852,                 1.1444,                0.00241,                0.00241,                0.00241
                    232,                 1.0206,                0.51135,                0.94053,                0.77605,                0.66346,                0.72119,                0.38647,                 1.4342,                0.78579,                 1.1449,               0.002377,               0.002377,               0.002377
                    233,                 1.0153,                0.51062,                0.94112,                0.77613,                0.66379,                0.72061,                0.38627,                  1.434,                 0.7869,                 1.1446,               0.002344,               0.002344,               0.002344
                    234,                 1.0231,                0.51082,                0.94006,                 0.7764,                0.66428,                0.72164,                0.38686,                  1.434,                0.78671,                 1.1444,               0.002311,               0.002311,               0.002311
                    235,                 1.0157,                0.51184,                0.94073,                 0.7767,                0.66428,                0.72132,                0.38659,                  1.434,                0.78676,                 1.1441,               0.002278,               0.002278,               0.002278
                    236,                 1.0144,                0.51043,                0.94159,                0.77504,                0.66446,                0.72058,                0.38675,                 1.4335,                0.78711,                 1.1439,               0.002245,               0.002245,               0.002245
                    237,                 1.0142,                0.50682,                0.94044,                0.77486,                0.66416,                0.72041,                0.38729,                 1.4331,                0.78691,                 1.1437,               0.002212,               0.002212,               0.002212
                    238,                 1.0139,                0.51094,                0.93713,                0.77598,                0.66499,                0.72105,                0.38702,                 1.4332,                0.78746,                 1.1442,               0.002179,               0.002179,               0.002179
                    239,                  1.013,                 0.5054,                0.93847,                0.77529,                0.66512,                0.72091,                0.38726,                 1.4333,                0.78798,                 1.1442,               0.002146,               0.002146,               0.002146
                    240,                 1.0125,                 0.5105,                0.94201,                0.77568,                0.66512,                 0.7211,                0.38768,                 1.4332,                0.78752,                  1.144,               0.002113,               0.002113,               0.002113
                    241,                  1.013,                0.50598,                0.93774,                0.77631,                0.66545,                0.72169,                0.38754,                 1.4334,                0.78717,                 1.1445,                0.00208,                0.00208,                0.00208
